original row	URL hash	original classification task	classification outcome	labels from human annotation	human annotation for training vs. eval	used original human annotation	approach to training data	original human annotation source	prescreening for crowdwork	annotator compensation	training for human annotators	formal instructions	multiple annotator overlap	synthesis of annotator overlap	reported inter-annotator agreement	total num of human annotators	median num of annotators per item	link to dataset available	Corpus	Year	Document Type	Cited by	Access Type	label source score	score	max score	norm score
2	4e6ec7fb47f277e38f25e35238ca9685ab97c6f0caae10ee0d4bc7f617c8eeb8	yes	Linguistic	Yes for all items	HA for training data	Only external	External human-labeled data	N/A	N/A	N/A	N/A	N/A	N/A	N/A	N/A	N/A	N/A	N/A	Soc Sci & Humanities	2017	Conference Paper	0		1.0			
3	2421ef5ad32c44fd217fa11cae35504247a6e2b7a3f94eca9604bfbac53cc079	yes	Linguistic	Yes for some items	HA for training data	Only external	External human-labeled data	N/A	N/A	N/A	N/A	N/A	N/A	N/A	N/A	N/A	N/A	N/A	Soc Sci & Humanities	2013	Article	34		1.0			
4	1e0bdeb7f8a0fdd7bc3ee02ca01673f4a5433241095be92de31e1e27e887641d	yes	Medical	No information (implicit)	HA for training data	Only external	External human-labeled data	N/A	N/A	N/A	N/A	N/A	N/A	N/A	N/A	N/A	N/A	N/A	Soc Sci & Humanities	2017	Conference Paper	5		0.0			
5	3714e16720b27a5a102dde1dd7cfe0201d52a65e4f486f5b4b0d5c485abfd11e	yes	Medical	Yes for all items	HA for training data	Only original	Original human-labeled dataset	Survey/self-reported	N/A	No information	some training details	Instructions w/ formal definition or examples	No	N/A	N/A	10	1	no	Soc Sci & Humanities	2018	Article	3		1.0	9.0	11.0	0.8181818181818182
6	29bab7d76596226416eead7306f540340a0cab99338ec162fc00ae901b7b5477	yes	Demographic	Yes for all items	HA for training data	Only external	External human-labeled data	N/A	N/A	N/A	N/A	N/A	N/A	N/A	N/A	N/A	N/A	N/A	Soc Sci & Humanities	2018	Conference Paper	1		1.0			
7	277aa55a4655c0cd870402151f986b62af96962b259dea722f1f13f1689f1ea1	no	N/A	N/A	N/A	N/A	No ML classifier / N/A	N/A	N/A	N/A	N/A	N/A	N/A	N/A	N/A	N/A	N/A	N/A	Soc Sci & Humanities	2018	Conference Paper	0					
8	3687a6240c128eb6a3c182c81c83f900e870a26c46ea89e740c14fda597fdfda	no	N/A	N/A	N/A	N/A	No ML classifier / N/A	N/A	N/A	N/A	N/A	N/A	N/A	N/A	N/A	N/A	N/A	N/A	Soc Sci & Humanities	2017	Conference Paper	1					
9	cd6fa771c481e908d73aaf15d24b1ebaf1900836fffb89a0b0544cb4f921cdf2	yes	Linguistic	Yes for some items	HA for evaluation only	Only external	External human-labeled data	N/A	N/A	N/A	N/A	N/A	N/A	N/A	N/A	N/A	N/A	N/A	Soc Sci & Humanities	2016	Conference Paper	1		1.0			
10	716acfb77b311d94d3a24d9f1e34babd06d7aff0c435b7bf84ee0d5eb84c320b	no	N/A	N/A	N/A	N/A	No ML classifier / N/A	N/A	N/A	N/A	N/A	N/A	N/A	N/A	N/A	N/A	N/A	N/A	Soc Sci & Humanities	2017	Conference Paper	8					
11	79fe9ff7887d12fbcda83f9cb8befe1d1e6296e11713ff89428f0a0bd9a1c690	no	N/A	N/A	N/A	N/A	No ML classifier / N/A	N/A	N/A	N/A	N/A	N/A	N/A	N/A	N/A	N/A	N/A	N/A	Soc Sci & Humanities	2018	Article	1					
12	0a633e25f6a59f2279f09f7f9c752d64404cd661055c57d118381e6091e3ecad	yes	Activities & actions	Yes for all items	HA for training data	Original and external	Original human-labeled dataset	Survey/self-reported	N/A	Volunteer / explicit no compensation	No information	No information	No	N/A	N/A	30	1	no	Physical & Enviro Sci	2016	Conference Paper	4		1.0	8.0	11.0	0.7272727272727273
13	dfad9b6f70f13aa9fd02b74983afb2ad550dc9cf65848e0a2ca516bfcf1c7f28	yes	Geo/ecological	Yes for some items	HA for training data	Original and external	Original human-labeled dataset	No information	N/A	No information	No information	No information	No information	N/A	N/A	-	-	no	Physical & Enviro Sci	2014	Article	98		1.0	3.0	11.0	0.2727272727272727
14	962c8e13b9dd58b07559c08921e4f199393cb1562aa18733859d356813ca9ae5	no	N/A	N/A	N/A	N/A	No ML classifier / N/A	N/A	N/A	N/A	N/A	N/A	N/A	N/A	N/A	N/A	N/A	N/A	Physical & Enviro Sci	2018	Article	1	Open Access				
15	e21c4a7fc0412ef6e22069eca3b444e6344fa587d746740d903c6b5ed225d4fa	yes	Activities & actions	Yes for all items	HA for training data	Only external	External human-labeled data	N/A	N/A	N/A	N/A	N/A	N/A	N/A	N/A	N/A	N/A	N/A	Physical & Enviro Sci	2016	Article	387	Open Access	1.0			
16	c7d7ab3e4e0ab849abdf65ef0e90bcb662ed786a218974ae3d0c2e8faa786237	yes	Linguistic	Yes for all items	HA for training data	Only external	External human-labeled data	N/A	N/A	N/A	N/A	N/A	N/A	N/A	N/A	N/A	N/A	N/A	Physical & Enviro Sci	2013	Conference Paper	25		1.0			
17	c1bd61cbe7b1ea4b1df3998ecd27e78f1827954eac4e183997c3f7ace087fb66	yes	Geo/ecological	No information (implicit)	HA for training data	Only external	External human-labeled data	N/A	N/A	N/A	N/A	N/A	N/A	N/A	N/A	N/A	N/A	N/A	Physical & Enviro Sci	2018	Article	2		0.0			
18	5858c10e932667ce73476a21b1f5991cf504f5073207ea438d753e24670f2e03	yes	Medical	Yes for all items	HA for training data	Only external	External human-labeled data	N/A	N/A	N/A	N/A	N/A	N/A	N/A	N/A	N/A	N/A	N/A	Physical & Enviro Sci	2013	Conference Paper	6		1.0			
19	4de380fcbf70ada7df9eb7b8f4427a2f16f9b107c6851caebd7c9abe65f02d61	no	N/A	N/A	N/A	N/A	No ML classifier / N/A	N/A	N/A	N/A	N/A	N/A	N/A	N/A	N/A	N/A	N/A	N/A	Physical & Enviro Sci	2018	Article	2					
20	44a7dd495d27ecd2a02b21f7646b9946b32ed9a00c4a43c7dab661e03a3a0768	yes	Medical	No information (implicit)	HA for training data	Unsure	Unsure	No information	N/A	No information	No information	No information	No information	N/A	N/A	-	-	no	Physical & Enviro Sci	2017	Conference Paper	1		0.0	1.0	11.0	0.09090909090909091
21	2bf50bdd57478d1ed4d71ccd2fdd091eb7393e17c589ff3dd238f5aa03344d5b	yes	Geo/ecological	Yes for all items	HA for training data	Only original	Original human-labeled dataset	Paper's authors	N/A	Paper authorship	No information	No information	No information	N/A	N/A	-	-	no	Physical & Enviro Sci	2016	Article	3		1.0	5.0	11.0	0.45454545454545453
22	ccee17f79aa4b4fa371d1a27ce701e3b27c21ebc915d788713dba3c10377db4b	yes	Biological	No information (implicit)	HA for training data	Only external	External human-labeled data	N/A	N/A	N/A	N/A	N/A	N/A	N/A	N/A	N/A	N/A	N/A	Life Sci & Biomedical	2018	Article	3	Open Access	0.0			
23	184f7b770483e6beab6593b976d0a6373c3797aa91be5f53f70437eeac798716	yes	Medical	Yes for all items	HA for evaluation only	Only external	External human-labeled data	N/A	N/A	N/A	N/A	N/A	N/A	N/A	N/A	N/A	N/A	N/A	Life Sci & Biomedical	2015	Article	35		1.0			
24	752935d4778e92cb302884c329909ec18dc3f90a83f9ba61f63e58b9876418df	yes	Medical	Yes for all items	HA for training data	Only external	External human-labeled data	N/A	N/A	N/A	N/A	N/A	N/A	N/A	N/A	N/A	N/A	N/A	Life Sci & Biomedical	2018	Article	6	Open Access	1.0			
25	44ecada09a604b9f549afb5e391baba0adbc5f04e3af500ed2761fb0a7caa7f6	yes	Biological	Yes for all items	HA for training data	Only external	External human-labeled data	N/A	N/A	N/A	N/A	N/A	N/A	N/A	N/A	N/A	N/A	N/A	Life Sci & Biomedical	2016	Article	10	Open Access	1.0			
26	b0c1c1ea999e2f6d226b3b0ec45d07245b849a6b6393033fc6ee91a8c3092884	no	N/A	N/A	N/A	N/A	No ML classifier / N/A	N/A	N/A	N/A	N/A	N/A	N/A	N/A	N/A	N/A	N/A	N/A	Life Sci & Biomedical	2017	Article	7	Open Access				
27	fc2e14b1e3d2ecf86dbdb5f30607128ebd9fb4e2817f0a3a536f990fa54085fb	no	N/A	N/A	N/A	N/A	No ML classifier / N/A	N/A	N/A	N/A	N/A	N/A	N/A	N/A	N/A	N/A	N/A	N/A	Life Sci & Biomedical	2013	Article	17					
28	97fb407371dc6d3d3a98f15b98bff337878faf8367786846560c60dfaa4f57a3	yes	Biological	No / machine-labeled	N/A	N/A	Machine-labeled data	N/A	N/A	N/A	N/A	N/A	N/A	N/A	N/A	N/A	N/A	N/A	Life Sci & Biomedical	2017	Article	1	Open Access	1.0			
29	f5d4b49891a68c23180b74ee211f00fbe68f093cdc578c41b467f970374edf02	yes	Medical	No / machine-labeled	N/A	N/A	Machine-labeled data	N/A	N/A	N/A	N/A	N/A	N/A	N/A	N/A	N/A	N/A	N/A	Life Sci & Biomedical	2017	Article	6		1.0			
30	634d4b85851a652de814182c8d00034ea555f2754188fb8df37dc6cc10c4f6dd	yes	Medical	Yes for all items	HA for training data	Only original	Original human-labeled dataset	No information	N/A	No information	No information	No information	No information	N/A	N/A	-	-	no	Life Sci & Biomedical	2016	Conference Paper	6		1.0	3.0	11.0	0.2727272727272727
31	4e6e4148b7284a0a37f07552255c7ed9abbb7054b0f7549cab1b510a4539d9a6	yes	Medical	Yes for all items	HA for training data	Only external	External human-labeled data	N/A	N/A	N/A	N/A	N/A	N/A	N/A	N/A	N/A	N/A	N/A	Life Sci & Biomedical	2018	Article	1	Open Access	1.0			
32	55aea40c3d8370d224bd76c660a2c8a3662936bb4e370c68e81dc76f92d6e3f0	yes	Biological	No / machine-labeled	N/A	N/A	Machine-labeled data	N/A	N/A	N/A	N/A	N/A	N/A	N/A	N/A	N/A	N/A	N/A	Life Sci & Biomedical	2016	Article	3		1.0			
33	05b6d96af36ec19da79de7a916f7e9c12df8f9137e755d5b7c8e610bc99e8d69	yes	Linguistic	Yes for all items	HA for training data	Original and external	Original human-labeled dataset	No information	N/A	No information	No information	No information	No information	N/A	N/A	-	-	no	Life Sci & Biomedical	2015	Article	10		1.0	3.0	11.0	0.2727272727272727
34	71ec0be6d6ec00fae4b4b5fc0a2257ff04d33d8231a0fbe5dc948414a65475e2	N/A	N/A	N/A	N/A	N/A	No ML classifier / N/A	N/A	N/A	N/A	N/A	N/A	N/A	N/A	N/A	N/A	N/A	N/A	Life Sci & Biomedical	2014	Article	0					
35	ca5ded22a60f8446321e6bbd0f24c7cb469f0da7d36e6861e10b55b1c4b47914	no	N/A	N/A	N/A	N/A	No ML classifier / N/A	N/A	N/A	N/A	N/A	N/A	N/A	N/A	N/A	N/A	N/A	N/A	Life Sci & Biomedical	2014	Article	3	Open Access				
36	aee29e768b41621c215aea5bfa52f1d25ee5dfb8211f18aee85403c95e3ec7b3	N/A	N/A	N/A	N/A	N/A	No ML classifier / N/A	N/A	N/A	N/A	N/A	N/A	N/A	N/A	N/A	N/A	N/A	N/A	Life Sci & Biomedical	2014	Conference Paper	12					
37	3b4459f85ecfdf47188183894b07e6e16d9c9bf7f78336b549fb62f21197a6ac	yes	Activities & actions	Yes for all items	HA for training data	Only original	Original human-labeled dataset	Paper's authors	N/A	Paper authorship	some training details	Instructions w/ formal definition or examples	No	N/A	N/A	2	1	yes	Life Sci & Biomedical	2015	Article	13	Open Access	1.0	11.0	11.0	1.0
38	06a5e2567da7de9a0df9ebff9e867fe86d568c24cd80e78a1f57e12bb037bc91	yes	Medical	No / machine-labeled	N/A	N/A	Machine-labeled data	N/A	N/A	N/A	N/A	N/A	N/A	N/A	N/A	N/A	N/A	N/A	Life Sci & Biomedical	2017	Conference Paper	4		1.0			
39	323411e5c6c0774a25238b5a993f8de707338266ec4586060a0617ad2c53d8df	no	N/A	N/A	N/A	N/A	No ML classifier / N/A	N/A	N/A	N/A	N/A	N/A	N/A	N/A	N/A	N/A	N/A	N/A	Life Sci & Biomedical	2018	Conference Paper	0					
40	dd2e4bd3a2d02f5a5e7490029a452b93705e38861ce4541951c51f0a9aa6199c	yes	Biological	No information (implicit)	HA for training data	Only external	External human-labeled data	N/A	N/A	N/A	N/A	N/A	N/A	N/A	N/A	N/A	N/A	N/A	Life Sci & Biomedical	2017	Article	2	Open Access	0.0			
41	b1c1aa668c7badac50dbde1a483467f86ee43e358cf6418970045139d92200c2	yes	Medical	Yes for all items	HA for training data	Only external	External human-labeled data	N/A	N/A	N/A	N/A	N/A	N/A	N/A	N/A	N/A	N/A	N/A	Life Sci & Biomedical	2016	Article	30		1.0			
42	661d6f462dbb4ca0e95e00f48a4514d5388e43db30558d54343691f304d17a6e	no	N/A	N/A	N/A	N/A	No ML classifier / N/A	N/A	N/A	N/A	N/A	N/A	N/A	N/A	N/A	N/A	N/A	N/A	Life Sci & Biomedical	2014	Article	2					
43	b79b08a633fbfb864e3cfae4c7a6157b79aacdc77ba4c2993d9115571528e202	N/A	N/A	N/A	N/A	N/A	No ML classifier / N/A	N/A	N/A	N/A	N/A	N/A	N/A	N/A	N/A	N/A	N/A	N/A	Life Sci & Biomedical	2014	Article	21					
44	ba4e1beeeb35f8767415166203b65a1235e70593d222a95897549e841bd5859c	yes	Biological	No / machine-labeled	N/A	N/A	Machine-labeled data	N/A	N/A	N/A	N/A	N/A	N/A	N/A	N/A	N/A	N/A	N/A	Life Sci & Biomedical	2016	Article	8	Open Access	1.0			
45	457f9296db339a4dc6ec296387eb5539cb501931c8ce705e11f5b644231bd009	yes	Medical	No information (implicit)	HA for training data	Only external	External human-labeled data	N/A	N/A	N/A	N/A	N/A	N/A	N/A	N/A	N/A	N/A	N/A	Life Sci & Biomedical	2016	Article	9		0.0			
46	f815934c73a03aa77d11025d3d0bd1a81aa8c5a9ee6247a6c73feed728e638a9	yes	Medical	Yes for all items	HA for training data	Only external	External human-labeled data	N/A	N/A	N/A	N/A	N/A	N/A	N/A	N/A	N/A	N/A	N/A	Life Sci & Biomedical	2016	Article	15	Open Access	1.0			
47	04534e0fc91ecb4a775add6ad14a8a725f314aaaa5b925c3a30bd1276a9e8fdc	yes	Medical	Yes for all items	HA for training data	Only original	Original human-labeled dataset	Other w/ claim of expertise	N/A	No information	No information	Instructions w/ formal definition or examples	No information	N/A	N/A	-	-	no	Life Sci & Biomedical	2017	Article	14		1.0	5.0	11.0	0.45454545454545453
48	dafca224a52b0e31b41047408394ede5c841c92635fb2846484d5104fdc9590f	yes	Physical	Unsure	Unsure	Only external	External human-labeled data	N/A	N/A	N/A	N/A	N/A	N/A	N/A	N/A	N/A	N/A	N/A	Life Sci & Biomedical	2018	Conference Paper	0		0.0			
49	e7e91b7c7befc4a58ea83a52673a70786b480a5e38d115582902ee2df0d87836	yes	Physical	No / machine-labeled	N/A	N/A	Machine-labeled data	N/A	N/A	N/A	N/A	N/A	N/A	N/A	N/A	N/A	N/A	N/A	Life Sci & Biomedical	2016	Conference Paper	0		1.0			
50	a29cce66d9d3328abf3e1c3d8f4e308ae65ca7c9d663c0a4627f616547ff6839	no	N/A	N/A	N/A	N/A	No ML classifier / N/A	N/A	N/A	N/A	N/A	N/A	N/A	N/A	N/A	N/A	N/A	N/A	Life Sci & Biomedical	2015	Conference Paper	7					
51	58e8baf78ffc1da32c79663ea36a3bf355a91945d8565d608cf109eef1aed3a3	yes	Medical	No / machine-labeled	N/A	N/A	Machine-labeled data	N/A	N/A	N/A	N/A	N/A	N/A	N/A	N/A	N/A	N/A	N/A	Life Sci & Biomedical	2017	Article	9	Open Access	1.0			
52	fc4167574c1310dd045c56c49bc265d389c3d10bc660740658743b336f921879	no	N/A	N/A	N/A	N/A	No ML classifier / N/A	N/A	N/A	N/A	N/A	N/A	N/A	N/A	N/A	N/A	N/A	N/A	Soc Sci & Humanities	2016	Article	19					
53	a2fe054ec99a77ffe6492e4383422224a83164c8a78ddf5db82a13e6ee5f44ff	yes	Soft/hardware	No / machine-labeled	N/A	N/A	Machine-labeled data	N/A	N/A	N/A	N/A	N/A	N/A	N/A	N/A	N/A	N/A	N/A	Soc Sci & Humanities	2018	Conference Paper	1		1.0			
54	4abcbaec2e4f05110d654290fa3a4605c4126179b4f054e0916879529a3d3626	no	N/A	N/A	N/A	N/A	No ML classifier / N/A	N/A	N/A	N/A	N/A	N/A	N/A	N/A	N/A	N/A	N/A	N/A	Soc Sci & Humanities	2018	Conference Paper	0					
55	c0c67c916695e0f0459d08bb1181639be665122abb43cfcf5be8e686f8581432	yes	Medical	No information (implicit)	HA for training data	Only external	External human-labeled data	N/A	N/A	N/A	N/A	N/A	N/A	N/A	N/A	N/A	N/A	N/A	Soc Sci & Humanities	2018	Conference Paper	0		0.0			
56	ff814ba8796b46063484732fc6a560d0baff40adbe4435539f233e6d2a8efaed	yes	Biological	Yes for all items	HA for training data	Only original	Original human-labeled dataset	Other (no claim of expertise)	N/A	Volunteer / explicit no compensation	some training details	Instructions w/ formal definition or examples	No	N/A	N/A	30	1	no	Soc Sci & Humanities	2016	Article	34		1.0	10.0	11.0	0.9090909090909091
57	04f088a59035db48ce87e0518b60aa9550250e9538594fc9398f092a32d1130c	yes	Medical	No information (implicit)	HA for training data	Original and external	Original human-labeled dataset	No information	N/A	No information	No information	No information	No information	N/A	N/A	-	-	no	Soc Sci & Humanities	2015	Article	12		0.0	2.0	11.0	0.18181818181818182
58	c5088e03d7c88654a7ad3ddc17fc47747ba75389d2765d945a023866e17467be	no	N/A	N/A	N/A	N/A	No ML classifier / N/A	N/A	N/A	N/A	N/A	N/A	N/A	N/A	N/A	N/A	N/A	N/A	Soc Sci & Humanities	2018	Conference Paper	4					
59	20c4ca36d17147ed94606f5e6965837cd148f9308b7cd00ce64e0131ec402a43	no	N/A	N/A	N/A	N/A	No ML classifier / N/A	N/A	N/A	N/A	N/A	N/A	N/A	N/A	N/A	N/A	N/A	N/A	Soc Sci & Humanities	2015	Conference Paper	0					
60	a69f56355c787257941cdcf4de1540c7c18999acb0290e1f65b44f8453ad8de8	yes	Soft/hardware	No / machine-labeled	N/A	N/A	Machine-labeled data	N/A	N/A	N/A	N/A	N/A	N/A	N/A	N/A	N/A	N/A	N/A	Soc Sci & Humanities	2017	Conference Paper	3		1.0			
61	31f336d71d7a7735cce1a4258d380f96523ec2ac72b0d071f8c2165d3b5e5a56	no	N/A	N/A	N/A	N/A	No ML classifier / N/A	N/A	N/A	N/A	N/A	N/A	N/A	N/A	N/A	N/A	N/A	N/A	Soc Sci & Humanities	2013	Article	74					
62	0b5660b682ba2c4f01af06b06bc752b53c70e95fa87f2d0f471cd77c7fa39d0c	yes	Linguistic	Yes for some items	HA for evaluation only	Only external	External human-labeled data	N/A	N/A	N/A	N/A	N/A	N/A	N/A	N/A	N/A	N/A	N/A	Soc Sci & Humanities	2016	Conference Paper	5		1.0			
63	8b92901af4da3013e34391078ff54316591e0d2a9f0846bff1165a693b49739a	N/A	N/A	N/A	N/A	N/A	No ML classifier / N/A	N/A	N/A	N/A	N/A	N/A	N/A	N/A	N/A	N/A	N/A	N/A	Soc Sci & Humanities	2014	Article	3					
64	00534beafecfa7d924c6d7fc6e8f8f0140dd2a0cdeecb8a732ed388c75226094	no	N/A	N/A	N/A	N/A	No ML classifier / N/A	N/A	N/A	N/A	N/A	N/A	N/A	N/A	N/A	N/A	N/A	N/A	Soc Sci & Humanities	2014	Article	0					
65	008539de96c97cf3a7ea611ee1a69ae666f3712d5f8e21a59e13b5571f80e390	yes	Linguistic	No / machine-labeled	N/A	N/A	Machine-labeled data	N/A	N/A	N/A	N/A	N/A	N/A	N/A	N/A	N/A	N/A	N/A	Soc Sci & Humanities	2018	Article	1		1.0			
66	6d2d82480b63c77ebed97371d477ff75b23770aef9b68d2e1d741d6c514a3139	yes	Linguistic	Yes for all items	HA for training data	Only original	Original human-labeled dataset	Other w/ claim of expertise	N/A	Volunteer / explicit no compensation	No information	Instructions w/ formal definition or examples	Yes for all items	Qualitative / discussion	no	7	2	no	Soc Sci & Humanities	2018	Article	2		1.0	10.0	13.0	0.7692307692307693
67	3aa87796ed65c85e2423e4478de3d13ecf23ca17bb8a0a8bdc3239da90da52e3	yes	Demographic	No / machine-labeled	N/A	N/A	Machine-labeled data	N/A	N/A	N/A	N/A	N/A	N/A	N/A	N/A	N/A	N/A	N/A	Soc Sci & Humanities	2018	Article	4		1.0			
68	c3aaf47e1ab9019b30c5309939981f92373ff5d3f2985c6b943a131a570bb2b1	N/A	N/A	N/A	N/A	N/A	No ML classifier / N/A	N/A	N/A	N/A	N/A	N/A	N/A	N/A	N/A	N/A	N/A	N/A	Soc Sci & Humanities	2014	Article	3					
69	27741a07b8fe08c60d343cb7b4be189b1dcdf4c2d834d27d2db12a729816538e	no	N/A	N/A	N/A	N/A	No ML classifier / N/A	N/A	N/A	N/A	N/A	N/A	N/A	N/A	N/A	N/A	N/A	N/A	Soc Sci & Humanities	2017	Article	1					
70	8b5ed358b9066fa582879ff07a0476c427f2a4e5d682b544ca8ee125ce35b31c	yes	Physical	No information (implicit)	HA for training data	Only external	External human-labeled data	N/A	N/A	N/A	N/A	N/A	N/A	N/A	N/A	N/A	N/A	N/A	Soc Sci & Humanities	2018	Conference Paper	6		0.0			
71	0edff8afdb0a945f297591a98e8dd6b5fac035f9b4cc287d6371269d445b6041	no	N/A	N/A	N/A	N/A	No ML classifier / N/A	N/A	N/A	N/A	N/A	N/A	N/A	N/A	N/A	N/A	N/A	N/A	Soc Sci & Humanities	2015	Conference Paper	3					
72	aa33bcba4aa4b0907f7d685f98e42cbaaa8e50c1b3c97e1c1ecd2b99a61624e3	no	N/A	N/A	N/A	N/A	No ML classifier / N/A	N/A	N/A	N/A	N/A	N/A	N/A	N/A	N/A	N/A	N/A	N/A	Physical & Enviro Sci	2017	Conference Paper	4					
73	f25b4b27bfcfdd0b502a415abe76c912ad30b3b1cc956d35c893dd73de36fb18	yes	Medical	No information (implicit)	HA for training data	Only external	External human-labeled data	N/A	N/A	N/A	N/A	N/A	N/A	N/A	N/A	N/A	N/A	N/A	Physical & Enviro Sci	2016	Conference Paper	8		0.0			
74	6ddecacfcfdc4c5d46fd3494fa78ae77e81796b821c609a60ad715b932aeb120	no	N/A	N/A	N/A	N/A	No ML classifier / N/A	N/A	N/A	N/A	N/A	N/A	N/A	N/A	N/A	N/A	N/A	N/A	Physical & Enviro Sci	2018	Conference Paper	1					
75	7d80503eb3897ac11366954d959deb063cc5ec3af20a6322d297ad3d78b9023b	yes	Geo/ecological	No / machine-labeled	N/A	N/A	Machine-labeled data	N/A	N/A	N/A	N/A	N/A	N/A	N/A	N/A	N/A	N/A	N/A	Physical & Enviro Sci	2018	Article	1		1.0			
76	1a8fef8ca125ac402cda2a9aa291d9dba5a9138031dc99d7b45610ef5be7d725	no	N/A	N/A	N/A	N/A	No ML classifier / N/A	N/A	N/A	N/A	N/A	N/A	N/A	N/A	N/A	N/A	N/A	N/A	Physical & Enviro Sci	2016	Article	6					
77	21bfdb6e4e456904caa40e2dd7fc40d83b0d9981b0e175fd3fa1ab085adf3897	yes	Geo/ecological	No information (implicit)	HA for training data	Only original	Original human-labeled dataset	No information	N/A	No information	No information	No information	No information	N/A	N/A	-	-	no	Physical & Enviro Sci	2015	Conference Paper	0		0.0	2.0	11.0	0.18181818181818182
78	d88b75412a55e8a863ade566f0f89f0a5417374c150e70cf801a184af77bedda	yes	Medical	No information (implicit)	HA for training data	Only external	External human-labeled data	N/A	N/A	N/A	N/A	N/A	N/A	N/A	N/A	N/A	N/A	N/A	Soc Sci & Humanities	2018	Conference Paper	0		0.0			
79	3de25658f9b108132b1391b4809bf0b17774c4af197d5ec14b4d9f35281d9759	no	N/A	N/A	N/A	N/A	No ML classifier / N/A	N/A	N/A	N/A	N/A	N/A	N/A	N/A	N/A	N/A	N/A	N/A	Physical & Enviro Sci	2018	Article	2					
80	715918806e2527061e02f37300f23716bf8a68d75a93d0362f51b025b02f005c	yes	Physical	No information (implicit)	HA for training data	Only external	External human-labeled data	N/A	N/A	N/A	N/A	N/A	N/A	N/A	N/A	N/A	N/A	N/A	Physical & Enviro Sci	2018	Conference Paper	0		0.0			
81	8c227aaed1ca1e0a78665b5f9db2aa046170213b6d27414fe0a65ee68c8665c4	no	N/A	N/A	N/A	N/A	No ML classifier / N/A	N/A	N/A	N/A	N/A	N/A	N/A	N/A	N/A	N/A	N/A	N/A	Physical & Enviro Sci	2018	Article	4	Open Access				
82	409a90d6c225498c3c0894658bcb5bd3272ac4430e09dfc924d7bda3c36ce4f9	yes	Soft/hardware	No / machine-labeled	N/A	N/A	Machine-labeled data	N/A	N/A	N/A	N/A	N/A	N/A	N/A	N/A	N/A	N/A	N/A	Physical & Enviro Sci	2018	Conference Paper	1	Open Access	1.0			
83	b5ebcf4c14d920d44ad3c9803d7bc74e32b5f9d4f73b0a023ed3790ac69bbc82	yes	Physical	Yes for all items	HA for training data	Only original	Original human-labeled dataset	No information	N/A	No information	No information	No information	No information	N/A	N/A	-	-	no	Physical & Enviro Sci	2015	Conference Paper	1		1.0	3.0	11.0	0.2727272727272727
84	69b4ec2c1f5ed01f4db636850b94669618b13af3bf80ef6b15b2b8e2920537c6	no	N/A	N/A	N/A	N/A	No ML classifier / N/A	N/A	N/A	N/A	N/A	N/A	N/A	N/A	N/A	N/A	N/A	N/A	Physical & Enviro Sci	2017	Article	6					
85	9e336f9621a3d412d530c700d9f94e74bf608fbd2e63da604edb63d93db80519	yes	Biological	Yes for all items	HA for training data	Only original	Original human-labeled dataset	Other w/ claim of expertise	N/A	No information	No information	No information	No information	N/A	N/A	-	-	no	Physical & Enviro Sci	2015	Article	5		1.0	4.0	11.0	0.36363636363636365
86	130e3ad7a67ea1462ea43d10b825615d4493662ecdacc9a0280eace4f8f89940	N/A	N/A	N/A	N/A	N/A	No ML classifier / N/A	N/A	N/A	N/A	N/A	N/A	N/A	N/A	N/A	N/A	N/A	N/A	Physical & Enviro Sci	2017	Article	1					
87	586c7bff1cb6241e4d164606e6962d91fa2cbca3a750b955ddf1f7bb82934ac5	yes	Medical	Yes for all items	HA for training data	Only external	External human-labeled data	N/A	N/A	N/A	N/A	N/A	N/A	N/A	N/A	N/A	N/A	N/A	Physical & Enviro Sci	2018	Article	0	Open Access	1.0			
88	564b1b5273a4e0fe429ff649107ffcb88abddbe5e01d56ea4099b024045f64ae	yes	Biological	No / machine-labeled	N/A	N/A	Machine-labeled data	N/A	N/A	N/A	N/A	N/A	N/A	N/A	N/A	N/A	N/A	N/A	Physical & Enviro Sci	2018	Article	3	Open Access	1.0			
89	b946c66da6a548421851616aca6d9134451e09e9cf2351205a441d35b56fb0c0	yes	Biological	Yes for some items	HA for training data	Only external	External human-labeled data	N/A	N/A	N/A	N/A	N/A	N/A	N/A	N/A	N/A	N/A	N/A	Physical & Enviro Sci	2014	Article	35	Open Access	1.0			
90	6452b2b98e8b876b9a99f4956098599f8d948b088af2c2ce248af90832d67b21	yes	Biological	No information (implicit)	HA for training data	Only external	External human-labeled data	N/A	N/A	N/A	N/A	N/A	N/A	N/A	N/A	N/A	N/A	N/A	Physical & Enviro Sci	2017	Article	4	Open Access	0.0			
91	0879d0b0efafa80b0445f3aaa5086da4ba3dbb409695fa8b70d6fda7b41beeb9	yes	Linguistic	No information (implicit)	HA for training data	Unsure	Unsure	No information	N/A	No information	No information	No information	No information	N/A	N/A	-	-	no	Physical & Enviro Sci	2017	Conference Paper	1		0.0	1.0	11.0	0.09090909090909091
92	708fb39c97d35d9ddcf13c4cd9b9c45d810769e7f7c0311e21de9289fd8cd805	yes	Medical	Yes for all items	HA for training data	Only external	External human-labeled data	N/A	N/A	N/A	N/A	N/A	N/A	N/A	N/A	N/A	N/A	N/A	Life Sci & Biomedical	2016	Article	59	Open Access	1.0			
93	e7e6f8048339ed4ef643b0227e7a6f5d01176558ff6cbbe14f1b77515738b8cf	yes	Physical	No / machine-labeled	N/A	N/A	Machine-labeled data	N/A	N/A	N/A	N/A	N/A	N/A	N/A	N/A	N/A	N/A	N/A	Life Sci & Biomedical	2017	Article	16	Open Access	1.0			
94	295724da1486521de3ce822b2903033ec3b0602fd29a3958ac913b53a6db306e	yes	Medical	No information (implicit)	HA for training data	Only external	External human-labeled data	N/A	N/A	N/A	N/A	N/A	N/A	N/A	N/A	N/A	N/A	N/A	Life Sci & Biomedical	2018	Article	0	Open Access	0.0			
95	ad33a442ae1aeca7f65d7c2f612c3338db83652833ac75f3c75a300714c5b8bd	yes	Soft/hardware	No / machine-labeled	N/A	N/A	Machine-labeled data	N/A	N/A	N/A	N/A	N/A	N/A	N/A	N/A	N/A	N/A	N/A	Life Sci & Biomedical	2014	Article	47	Open Access	1.0			
96	f587e1131e761e0ddd7af473fdfa1d387e4471f5a6a430bb06facf4ad45036e6	yes	Medical	Yes for all items	HA for training data	Only original	Original human-labeled dataset	Other w/ claim of expertise	N/A	No information	some training details	no Instructions beyond question text	Yes for all items	Qualitative / discussion	no	2	2	yes	Life Sci & Biomedical	2017	Article	9	Open Access	1.0	11.0	13.0	0.8461538461538461
97	6526254b05a7214913047ef214762ae98547411ff1715cfde6bad2c8ea852219	yes	Biological	No information (implicit)	HA for training data	Only external	External human-labeled data	N/A	N/A	N/A	N/A	N/A	N/A	N/A	N/A	N/A	N/A	N/A	Life Sci & Biomedical	2016	Article	28		0.0			
98	71d07c319c8904dd292ae8a606a2387d2642a9f41436b0082ca8c738e1c91219	yes	Medical	Yes for all items	HA for training data	Only original	Original human-labeled dataset	Other w/ claim of expertise	N/A	No information	No information	Instructions w/ formal definition or examples	No information	N/A	N/A	-	-	no	Life Sci & Biomedical	2016	Article	5	Open Access	1.0	5.0	11.0	0.45454545454545453
99	ce481e3e7d47bad19e749888d0dfa5fda469a3f91e2f33cbddedd938f6fa5d97	yes	Medical	Yes for all items	HA for training data	Only external	External human-labeled data	N/A	N/A	N/A	N/A	N/A	N/A	N/A	N/A	N/A	N/A	N/A	Life Sci & Biomedical	2018	Article	1		1.0			
100	909b17f7b509c482438681f9b4263bdb1d2678fcff3d2cf0b00232d86ee041f7	no	N/A	N/A	N/A	N/A	No ML classifier / N/A	N/A	N/A	N/A	N/A	N/A	N/A	N/A	N/A	N/A	N/A	N/A	Life Sci & Biomedical	2015	Article	0					
101	94ad8c9b7ec2ae92d99fe6b4a659686da9220169e67d1e0103bfb9e56dae9499	yes	Biological	No information (implicit)	HA for training data	Only external	External human-labeled data	N/A	N/A	N/A	N/A	N/A	N/A	N/A	N/A	N/A	N/A	N/A	Life Sci & Biomedical	2016	Article	34	Open Access	0.0			
102	4d7741c9130d63e6e5174693cebf8c2eb05d8b2f55072093db9f1bd3eb83e719	yes	Medical	No information (implicit)	Unsure	Unsure	Unsure	No information	N/A	No information	No information	Instructions w/ formal definition or examples	No information	N/A	N/A	-	-	no	Life Sci & Biomedical	2015	Article	9		0.0	1.0	11.0	0.09090909090909091
103	a83106121fc518a1cf3a7d8947998ce5ac7c268f7182472b5b82b0eee58fd176	yes	Biological	Yes for some items	HA for training data	Original and external	Original human-labeled dataset	Paper's authors	N/A	Paper authorship	No information	No information	No information	N/A	N/A	-	-	no	Life Sci & Biomedical	2016	Article	5		1.0	5.0	11.0	0.45454545454545453
104	cddb738991a773448bdc391007c7ca2594bcb174c191e5b2ea8d40c489109a24	no	N/A	N/A	N/A	N/A	No ML classifier / N/A	N/A	N/A	N/A	N/A	N/A	N/A	N/A	N/A	N/A	N/A	N/A	Life Sci & Biomedical	2013	Article	11	Open Access				
105	c761344ccb65fed2d1c1afe4741ad4677bed9acd52a0f8237285057709959ef9	no	N/A	N/A	N/A	N/A	No ML classifier / N/A	N/A	N/A	N/A	N/A	N/A	N/A	N/A	N/A	N/A	N/A	N/A	Life Sci & Biomedical	2018	Article	0					
106	7d53cf673d6cee52a91aaab101a3266eb30fa5bfeaceae0994de776b51c9e49b	no	N/A	N/A	N/A	N/A	No ML classifier / N/A	N/A	N/A	N/A	N/A	N/A	N/A	N/A	N/A	N/A	N/A	N/A	Life Sci & Biomedical	2018	Article	2	Open Access				
107	d319a86b4e7c0de7400e35b0cb30c5ecf9effa625dbfe1d206f99b00b8916a9e	no	N/A	N/A	N/A	N/A	No ML classifier / N/A	N/A	N/A	N/A	N/A	N/A	N/A	N/A	N/A	N/A	N/A	N/A	Life Sci & Biomedical	2017	Article	4	Open Access				
108	c72aa6e2dc591be79e029002cfe13e7f0b08682264e3eece430e2eb5639b3ab4	yes	Medical	No information (implicit)	HA for training data	Only external	External human-labeled data	N/A	N/A	N/A	N/A	N/A	N/A	N/A	N/A	N/A	N/A	N/A	Life Sci & Biomedical	2018	Conference Paper	5		0.0			
109	e715250d195f7b80cc9ce893d46e55d1c55540a6af2c513ccbd1a90be5d3cf1b	yes	Geo/ecological	Yes for all items	HA for training data	Only original	Original human-labeled dataset	Paper's authors	N/A	Paper authorship	No information	No information	No information	N/A	N/A	-	-	no	Life Sci & Biomedical	2016	Article	10	Open Access	1.0	5.0	11.0	0.45454545454545453
110	fe985267b44ccff27ec552e4de098d7ef21ddc0c526b7b0c0a29ba045a8ef777	yes	Activities & actions	Yes for all items	HA for training data	Only original	Original human-labeled dataset	Survey/self-reported	N/A	No information	No information	No information	No	N/A	N/A	3	1	no	Life Sci & Biomedical	2018	Article	0	Open Access	1.0	7.0	11.0	0.6363636363636364
111	ba51c42a0c665b30980d11c51f45614bbb73b2b0271dacd1d44311e7e2966c7b	no	N/A	N/A	N/A	N/A	No ML classifier / N/A	N/A	N/A	N/A	N/A	N/A	N/A	N/A	N/A	N/A	N/A	N/A	Life Sci & Biomedical	2017	Article	3					
112	8822c83bc0ead5d772ca1fb96d8e56f375240cbe3136be1bd618d0dc2ebd62a3	yes	Medical	Yes for all items	HA for training data	Only original	Original human-labeled dataset	No information	N/A	No information	No information	Instructions w/ formal definition or examples	No information	N/A	N/A	-	-	no	Soc Sci & Humanities	2017	Article	9	Open Access	1.0	4.0	11.0	0.36363636363636365
113	f7f31e6bb7047a1f9cd9b0b4609c67d288919798862ea5848cb29fd9fc44b618	yes	Linguistic	No information (implicit)	HA for training data	Unsure	Unsure	No information	N/A	No information	No information	No information	No information	N/A	N/A	-	-	no	Soc Sci & Humanities	2018	Conference Paper	2		0.0	1.0	11.0	0.09090909090909091
114	c27cf09e3e8f3c1411a5631c393ba99c2c4710a7a6675ff4b1f65f17089085af	yes	Activities & actions	Yes for all items	HA for evaluation only	Unsure	Unsure	No information	N/A	No information	No information	No information	No information	N/A	N/A	-	-	no	Soc Sci & Humanities	2018	Conference Paper	1		1.0	2.0	11.0	0.18181818181818182
115	d88b75412a55e8a863ade566f0f89f0a5417374c150e70cf801a184af77bedda	yes	Medical	Yes for all items	HA for training data	Only external	External human-labeled data	N/A	N/A	N/A	N/A	N/A	N/A	N/A	N/A	N/A	N/A	N/A	Physical & Enviro Sci	2018	Conference Paper	0		1.0			
116	b62e2eeebf792ea1e97940a8fb0b1ec7d2e334b3be31a326001b062d7e6dab6e	yes	Physical	No / machine-labeled	N/A	N/A	Machine-labeled data	N/A	N/A	N/A	N/A	N/A	N/A	N/A	N/A	N/A	N/A	N/A	Soc Sci & Humanities	2015	Conference Paper	0		1.0			
117	671d74b8ab8f19567f29085f7b8e854f8d0144753548ff5a73a00f1d73e7cd0d	N/A	N/A	N/A	N/A	N/A	No ML classifier / N/A	N/A	N/A	N/A	N/A	N/A	N/A	N/A	N/A	N/A	N/A	N/A	Soc Sci & Humanities	2018	Conference Paper	0					
118	c80bd2c9144ce49eee0dbc9598c6690ac9fc354f78f094b30c284fce52ac6626	no	N/A	N/A	N/A	N/A	No ML classifier / N/A	N/A	N/A	N/A	N/A	N/A	N/A	N/A	N/A	N/A	N/A	N/A	Soc Sci & Humanities	2017	Conference Paper	1					
119	89232c3a69f3bc08b52555661aed1f549b82a0d4b87e6efa6dfab528f3b8b762	yes	Soft/hardware	No / machine-labeled	N/A	N/A	Machine-labeled data	N/A	N/A	N/A	N/A	N/A	N/A	N/A	N/A	N/A	N/A	N/A	Soc Sci & Humanities	2018	Conference Paper	0		1.0			
120	ab32a1676394820bdd208d57f28ea75db372b083c221866229d8900b6892c854	yes	Linguistic	Yes for some items	HA for training data	Only original	Original human-labeled dataset	No information	N/A	No information	No information	No information	No information	N/A	N/A	-	-	no	Soc Sci & Humanities	2013	Article	1		1.0	3.0	11.0	0.2727272727272727
121	185e109b497ebc93e039744397584063b42b5cac0ab48bed558fa684d58cdc3a	no	N/A	N/A	N/A	N/A	No ML classifier / N/A	N/A	N/A	N/A	N/A	N/A	N/A	N/A	N/A	N/A	N/A	N/A	Soc Sci & Humanities	2018	Conference Paper	6					
122	d714f8c79f775a198f78e24b3af008222e3fd334749782b7015de3d789d4ed8f	yes	Linguistic	No / machine-labeled	N/A	N/A	Machine-labeled data	N/A	N/A	N/A	N/A	N/A	N/A	N/A	N/A	N/A	N/A	N/A	Soc Sci & Humanities	2017	Conference Paper	4		1.0			
123	2dc05caf41843b24c3a3f65df18f73a9bfdc91731490a177a83845fb87a8c195	yes	Activities & actions	Yes for all items	HA for training data	Only original	Original human-labeled dataset	Paper's authors	N/A	Paper authorship	No information	Instructions w/ formal definition or examples	Yes for all items	Qualitative / discussion	no	2	2	no	Soc Sci & Humanities	2018	Article	4	Open Access	1.0	10.0	13.0	0.7692307692307693
124	20a2ea40792cb72c0d2d5b504b40360b635c9d5605f17ccaa7dd04ad525f93b2	yes	Linguistic	No information (implicit)	HA for training data	Only external	External human-labeled data	N/A	N/A	N/A	N/A	N/A	N/A	N/A	N/A	N/A	N/A	N/A	Soc Sci & Humanities	2017	Conference Paper	1		0.0			
125	dafac9ffcf3928a4e19d3e6cba2903a463888e077dd73ecfab192cb34b862f71	yes	Demographic	No / machine-labeled	N/A	N/A	Machine-labeled data	N/A	N/A	N/A	N/A	N/A	N/A	N/A	N/A	N/A	N/A	N/A	Soc Sci & Humanities	2017	Conference Paper	1		1.0			
126	d1ab001e1dcd0ce60024c8fc26b14c4ddeeff60d7e480ab0e4d9c07e46fbcc3d	yes	Geo/ecological	No information (implicit)	HA for training data	Only external	External human-labeled data	N/A	N/A	N/A	N/A	N/A	N/A	N/A	N/A	N/A	N/A	N/A	Soc Sci & Humanities	2016	Conference Paper	4	Open Access	0.0			
127	d9f5a60580bf1b00bfe2e0bbf50e44e30384f36e4980b9431f3e11ab4e901a3b	yes	Linguistic	Yes for all items	HA for training data	Original and external	Original human-labeled dataset	No information	N/A	No information	No information	No information	No information	N/A	N/A	-	-	yes	Soc Sci & Humanities	2018	Article	4		1.0	4.0	11.0	0.36363636363636365
128	911e5113f737857a264bb616e91dcca3348093455eeb411165e151408cc846dd	no	N/A	N/A	N/A	N/A	No ML classifier / N/A	N/A	N/A	N/A	N/A	N/A	N/A	N/A	N/A	N/A	N/A	N/A	Soc Sci & Humanities	2016	Article	13	Open Access				
129	0e4af22a9b05989681e0ebcdb8c8b63fb9ced4323ca2ade3f9f2b5affbd1b40a	yes	Linguistic	No / machine-labeled	N/A	N/A	Machine-labeled data	N/A	N/A	N/A	N/A	N/A	N/A	N/A	N/A	N/A	N/A	N/A	Soc Sci & Humanities	2018	Conference Paper	0		1.0			
130	45d7b1450fdd1ac9140e033537c3ab17983c5d07687fa09da801a5ff40aca7c1	yes	Linguistic	Yes for some items	HA for evaluation only	Only original	Original human-labeled dataset	No information	N/A	No information	No information	Instructions w/ formal definition or examples	Yes for all items	Quantitative / no discussion	yes	3	3	no	Soc Sci & Humanities	2018	Article	7		1.0	9.0	13.0	0.6923076923076923
131	752efd79f297ffbc7407083079bc4efbe64eafb115b67e6eb87b7d3bcb5e76ba	no	N/A	N/A	N/A	N/A	No ML classifier / N/A	N/A	N/A	N/A	N/A	N/A	N/A	N/A	N/A	N/A	N/A	N/A	Soc Sci & Humanities	2018	Conference Paper	3					
132	d04b75f4fe9b89080ef3055b33133c98252147331252f02add93153c3987a16b	yes	Soft/hardware	Yes for all items	HA for training data	Unsure	Unsure	Other w/ claim of expertise	N/A	No information	No information	Instructions w/ formal definition or examples	No	N/A	N/A	1	1	no	Physical & Enviro Sci	2018	Conference Paper	1		1.0	7.0	11.0	0.6363636363636364
133	0968e15943a22139269827f959d34e85042fcaf84c0af4014877b0c52a7ba69f	yes	Medical	Yes for all items	HA for training data	Original and external	Original human-labeled dataset	Paper's authors	N/A	Paper authorship	some training details	Instructions w/ formal definition or examples	No	N/A	N/A	1	1	yes	Physical & Enviro Sci	2013	Article	6	Open Access	1.0	11.0	11.0	1.0
134	418e97ffb38b973f54758cf4235ae3235a019f683b40211adad6e47928c737ab	no	N/A	N/A	N/A	N/A	No ML classifier / N/A	N/A	N/A	N/A	N/A	N/A	N/A	N/A	N/A	N/A	N/A	N/A	Physical & Enviro Sci	2016	Conference Paper	8					
135	13a3918cca8a0393b655f5144a7489273cf67f04ef69da589e8bda0e473ed697	yes	Geo/ecological	No information (implicit)	HA for training data	Only external	External human-labeled data	N/A	N/A	N/A	N/A	N/A	N/A	N/A	N/A	N/A	N/A	N/A	Physical & Enviro Sci	2015	Article	18		0.0			
136	b0ebc4e3d2bc02c56579a0ad598d51fa19a3bbf4b0d9ed7ace188c58d5370702	yes	Medical	Yes for all items	HA for training data	Only external	External human-labeled data	N/A	N/A	N/A	N/A	N/A	N/A	N/A	N/A	N/A	N/A	N/A	Physical & Enviro Sci	2017	Article	19	Open Access	1.0			
137	82a0616661193c03a6ce6990d9631f02cf1c7aa12c6c368fde627c290c9c8dd5	yes	Medical	Yes for all items	HA for training data	Only external	External human-labeled data	N/A	N/A	N/A	N/A	N/A	N/A	N/A	N/A	N/A	N/A	N/A	Physical & Enviro Sci	2014	Conference Paper	0		1.0			
138	3c200036b4ceecc71b606705b4e5f139020a0c571235060d809a89c4632654b0	yes	Medical	Yes for all items	HA for training data	Only original	Original human-labeled dataset	Other (no claim of expertise)	N/A	No information	No information	Instructions w/ formal definition or examples	No information	N/A	N/A	-	-	no	Physical & Enviro Sci	2018	Conference Paper	0		1.0	5.0	11.0	0.45454545454545453
139	5ca9451a734078da4ff963bbd639094fd8f468674030f419149f5a0f4623e3b7	no	N/A	N/A	N/A	N/A	No ML classifier / N/A	N/A	N/A	N/A	N/A	N/A	N/A	N/A	N/A	N/A	N/A	N/A	Physical & Enviro Sci	2016	Conference Paper	0					
140	606f0a2a63e1479c65132c6aef8a3a0f142ab0e5970f39265242bbb274ea9524	yes	Soft/hardware	No information (implicit)	HA for training data	Only original	Original human-labeled dataset	Paper's authors	N/A	Paper authorship	No information	Instructions w/ formal definition or examples	No information	N/A	N/A	-	-	no	Physical & Enviro Sci	2017	Conference Paper	0		0.0	5.0	11.0	0.45454545454545453
141	a8aaacc57a7eccaced3319f90063f58194cd004ed0e8d6f1862cedb9ec1075dd	no	N/A	N/A	N/A	N/A	No ML classifier / N/A	N/A	N/A	N/A	N/A	N/A	N/A	N/A	N/A	N/A	N/A	N/A	Physical & Enviro Sci	2016	Article	0					
142	ceb0f7fe85688cd962f2f911a56c3057035d6d692e299dfd0dd541450834a5c5	no	N/A	N/A	N/A	N/A	No ML classifier / N/A	N/A	N/A	N/A	N/A	N/A	N/A	N/A	N/A	N/A	N/A	N/A	Physical & Enviro Sci	2016	Article	7					
143	fea343859d4ff7852e540f0f9a0102f0915a0636a27ad5041f1281914dfa5d46	yes	Soft/hardware	No / machine-labeled	N/A	N/A	Machine-labeled data	N/A	N/A	N/A	N/A	N/A	N/A	N/A	N/A	N/A	N/A	N/A	Physical & Enviro Sci	2014	Conference Paper	3		1.0			
144	539c45761aeed18fe2a10098338c00bfff0c3de61b2cb6e2b608036a09a9db76	yes	Soft/hardware	No / machine-labeled	N/A	N/A	Machine-labeled data	N/A	N/A	N/A	N/A	N/A	N/A	N/A	N/A	N/A	N/A	N/A	Physical & Enviro Sci	2018	Conference Paper	1		1.0			
145	f7b0f51be3a9505a16149be9a675368f5d25e66726a0a2b90eff9251a1f7ee41	yes	Medical	Yes for all items	HA for training data	Only external	External human-labeled data	N/A	N/A	N/A	N/A	N/A	N/A	N/A	N/A	N/A	N/A	N/A	Physical & Enviro Sci	2018	Conference Paper	0		1.0			
146	63c56a36ec3ada8c986830c7c0f53c8daea97f5aa230e4bbc1cf8c47e6bcbca3	yes	Biological	No information (implicit)	Unsure	Unsure	Unsure	No information	N/A	No information	No information	No information	No information	N/A	N/A	-	-	no	Physical & Enviro Sci	2018	Article	1	Open Access	0.0	0.0	11.0	0.0
147	ac775c5191f80c429abe8d99b9ac97abc90b3cd2d10e16102b399df1fa12ca00	yes	Geo/ecological	Yes for some items	HA for training data	Original and external	Original human-labeled dataset	Other w/ claim of expertise	N/A	No information	No information	Instructions w/ formal definition or examples	No information	N/A	N/A	-	-	no	Physical & Enviro Sci	2018	Article	1		1.0	5.0	11.0	0.45454545454545453
148	ef357e4ff29e0f6cd733bb9af5f6858038ff04f1c1764a5be95d655c7683a769	yes	Biological	No / machine-labeled	N/A	N/A	Machine-labeled data	N/A	N/A	N/A	N/A	N/A	N/A	N/A	N/A	N/A	N/A	N/A	Physical & Enviro Sci	2018	Article	13	Open Access	1.0			
149	41bc56b2a9979eb02dab7e99c56ab73c2007a7db3e702944625b95f8e508c35c	yes	Soft/hardware	No / machine-labeled	N/A	N/A	Machine-labeled data	N/A	N/A	N/A	N/A	N/A	N/A	N/A	N/A	N/A	N/A	N/A	Physical & Enviro Sci	2018	Article	6	Open Access	1.0			
150	cb6d439afe94d3a5e652af25b176def0264d1e82f07f11feaf85d30310cba3fc	yes	Soft/hardware	No / machine-labeled	N/A	N/A	Machine-labeled data	N/A	N/A	N/A	N/A	N/A	N/A	N/A	N/A	N/A	N/A	N/A	Physical & Enviro Sci	2017	Conference Paper	3		1.0			
151	b80d57f5a594285d198db828f50778d065669218f05b39737d62ae17dd36998b	yes	Physical	Yes for all items	HA for training data	Only external	External human-labeled data	N/A	N/A	N/A	N/A	N/A	N/A	N/A	N/A	N/A	N/A	N/A	Physical & Enviro Sci	2016	Conference Paper	1	Open Access	1.0			
152	38e309ae616fbdc0cacb1f937bb33f092779b29e84765803fd28fe2b113e3f73	yes	Linguistic	Yes for all items	HA for training data	Only external	External human-labeled data	N/A	N/A	N/A	N/A	N/A	N/A	N/A	N/A	N/A	N/A	N/A	Soc Sci & Humanities	2018	Article	9		1.0			
153	5fb9e1eafdbf08d17ff48d733f61c321cc1fb57959ef3641ccd9ec4f31db4ede	yes	Soft/hardware	No / machine-labeled	N/A	N/A	Machine-labeled data	N/A	N/A	N/A	N/A	N/A	N/A	N/A	N/A	N/A	N/A	N/A	Soc Sci & Humanities	2018	Conference Paper	2		1.0			
154	64b61dee6d1e73dd8a98dbfdbd2a41c13e423a3197e5534df3b61fdb69fd645d	no	N/A	N/A	N/A	N/A	No ML classifier / N/A	N/A	N/A	N/A	N/A	N/A	N/A	N/A	N/A	N/A	N/A	N/A	Soc Sci & Humanities	2016	Article	33					
155	7223f058c0bfc4f228da6ea946236c2ba7df068ebf8fa5da0a730292afde5060	no	N/A	N/A	N/A	N/A	No ML classifier / N/A	N/A	N/A	N/A	N/A	N/A	N/A	N/A	N/A	N/A	N/A	N/A	Soc Sci & Humanities	2017	Article	7					
156	b583a99feeeda11b0eb9e058121ed0cbdf035fef2c732e09cc9d32ae85f1cf86	yes	Linguistic	No information (implicit)	HA for training data	Only external	External human-labeled data	N/A	N/A	N/A	N/A	N/A	N/A	N/A	N/A	N/A	N/A	N/A	Soc Sci & Humanities	2018	Conference Paper	0		0.0			
157	c4a64934ec40885b611706d736810a8f9ed4301fb50b013ab2e40ba9b03303cf	yes	Geo/ecological	No information (implicit)	HA for training data	Only external	External human-labeled data	N/A	N/A	N/A	N/A	N/A	N/A	N/A	N/A	N/A	N/A	N/A	Soc Sci & Humanities	2018	Conference Paper	0		0.0			
158	c9f50e9b6de938d99b7448eb5b3938a90f76b2210aaf279293b1b4806d1b2813	yes	Other	Yes for all items	HA for training data	Only external	External human-labeled data	N/A	N/A	N/A	N/A	N/A	N/A	N/A	N/A	N/A	N/A	N/A	Soc Sci & Humanities	2018	Conference Paper	1		1.0			
159	76b59eeebb3e2f4b7d00912178d58c143f4329b67030d6f7082f562c6e095442	yes	Activities & actions	No / machine-labeled	N/A	N/A	Machine-labeled data	N/A	N/A	N/A	N/A	N/A	N/A	N/A	N/A	N/A	N/A	N/A	Soc Sci & Humanities	2018	Conference Paper	1		1.0			
160	cd9ba02f6dc2b740cb09e6f21fff0c41530566134464df21b9226d44dbd846e4	N/A	N/A	N/A	N/A	N/A	No ML classifier / N/A	N/A	N/A	N/A	N/A	N/A	N/A	N/A	N/A	N/A	N/A	N/A	Soc Sci & Humanities	2018	Article	0					
161	5ee9e071a5fe3a5aa4cb866b4889fc3b03c5ee9c940647f1e0a3d5c3a2a5d1e7	yes	Geo/ecological	Yes for all items	HA for training data	Only original	Original human-labeled dataset	Paper's authors	N/A	Paper authorship	No information	Instructions w/ formal definition or examples	No information	N/A	N/A	-	-	no	Soc Sci & Humanities	2017	Article	0	Open Access	1.0	6.0	11.0	0.5454545454545454
162	08e7c5be0d8c2f3cde233f0bee10103e7e633f5c9b2b32a3cded8ed787b18fb9	yes	Linguistic	No information (implicit)	HA for training data	Only external	External human-labeled data	N/A	N/A	N/A	N/A	N/A	N/A	N/A	N/A	N/A	N/A	N/A	Soc Sci & Humanities	2016	Conference Paper	7		0.0			
163	3c345b824a309d22c9e9a70fe4b0f6a7122f67f4d55e3ed5d1331a573bce1016	no	N/A	N/A	N/A	N/A	No ML classifier / N/A	N/A	N/A	N/A	N/A	N/A	N/A	N/A	N/A	N/A	N/A	N/A	Soc Sci & Humanities	2018	Conference Paper	0					
164	40515a4f365df4d334e208c458f121ae7f0324b04e97d7738efcd4447f163487	yes	Linguistic	Yes for some items	HA for training data	Only original	Original human-labeled dataset	No information	N/A	No information	No information	No information	No information	N/A	N/A	-	-	no	Soc Sci & Humanities	2018	Article	0		1.0	3.0	11.0	0.2727272727272727
165	5630b4965f8ec79383e3f5c1726ea9bf1e1af561980546f159bd4a04865e486e	N/A	N/A	N/A	N/A	N/A	No ML classifier / N/A	N/A	N/A	N/A	N/A	N/A	N/A	N/A	N/A	N/A	N/A	N/A	Soc Sci & Humanities	2016	Article	26					
166	03dd7cfa80cc96a087eb51e63bda256652d38c4591cd5b6dbdc192fa7caabe98	no	N/A	N/A	N/A	N/A	No ML classifier / N/A	N/A	N/A	N/A	N/A	N/A	N/A	N/A	N/A	N/A	N/A	N/A	Soc Sci & Humanities	2014	Article	1	Open Access				
167	b1c7fd174a0577d3f04f69ad4ea6429251fe2af721d1ca7f425d275607286fa4	yes	Linguistic	Yes for all items	HA for training data	Only original	Original human-labeled dataset	Other w/ claim of expertise	N/A	Volunteer / explicit no compensation	some training details	No information	No information	N/A	N/A	5	-	no	Soc Sci & Humanities	2016	Article	13		1.0	7.0	11.0	0.6363636363636364
168	8cafb6c81a402b329d98741f2dbe4350f9a6bbc63895f559c28f0ab15f68c8ce	yes	Soft/hardware	No information (implicit)	HA for training data	Only external	External human-labeled data	N/A	N/A	N/A	N/A	N/A	N/A	N/A	N/A	N/A	N/A	N/A	Soc Sci & Humanities	2015	Conference Paper	0		0.0			
169	ac4be7d135ecad7976bdf572fdef9d6e4832efd954805dc0d200718b85e39910	yes	Linguistic	Yes for all items	HA for training data	Only external	External human-labeled data	N/A	N/A	N/A	N/A	N/A	N/A	N/A	N/A	N/A	N/A	N/A	Soc Sci & Humanities	2013	Article	7		1.0			
170	e82b81df085bd0e6c18119248393551b7d7011af58259cb0e398bdc2be515afc	yes	Other	Yes for all items	HA for training data	Original and external	Original human-labeled dataset	No information	N/A	No information	No information	Instructions w/ formal definition or examples	No information	N/A	N/A	-	-	no	Soc Sci & Humanities	2014	Article	5		1.0	4.0	11.0	0.36363636363636365
171	07594aa088ecf2cc4ae5acb8d851df75d850d6cf02fecdb75f28d6b6bbe172a2	no	N/A	N/A	N/A	N/A	No ML classifier / N/A	N/A	N/A	N/A	N/A	N/A	N/A	N/A	N/A	N/A	N/A	N/A	Soc Sci & Humanities	2014	Conference Paper	8					
172	4eea77784edb241819871437d7726375c2e71198e77812a9017e5cd92f47f7c4	yes	Medical	Yes for all items	HA for training data	Only original	Original human-labeled dataset	Paper's authors	N/A	Paper authorship	some training details	Instructions w/ formal definition or examples	No information	N/A	N/A	2	-	no	Physical & Enviro Sci	2017	Article	6	Open Access	1.0	8.0	11.0	0.7272727272727273
173	87cf3742430b2f1673e9e48fe11a4d3e41ccfb3a7d88cf65de8c4ffa116e2db5	yes	Geo/ecological	No information (implicit)	HA for training data	Only external	External human-labeled data	N/A	N/A	N/A	N/A	N/A	N/A	N/A	N/A	N/A	N/A	N/A	Physical & Enviro Sci	2018	Conference Paper	1		0.0			
174	a942f51b361722ece12975bec68a458497867b6be7190f7e56a81c11ec36bd64	N/A	N/A	N/A	N/A	N/A	No ML classifier / N/A	N/A	N/A	N/A	N/A	N/A	N/A	N/A	N/A	N/A	N/A	N/A	Physical & Enviro Sci	2017	Article	0					
175	a43236a0a1ac8b6631485c935a169a437722ff060681796c2e05f1b5d96d8709	yes	Physical	No / machine-labeled	N/A	N/A	Machine-labeled data	N/A	N/A	N/A	N/A	N/A	N/A	N/A	N/A	N/A	N/A	N/A	Physical & Enviro Sci	2018	Article	0	Open Access	1.0			
176	0754b63d2bd5bcb65bd2be6d4d46be2bba38a89873facc5ca2e3566ce9fd74b9	yes	Physical	No / machine-labeled	N/A	N/A	Machine-labeled data	N/A	N/A	N/A	N/A	N/A	N/A	N/A	N/A	N/A	N/A	N/A	Physical & Enviro Sci	2018	Article	17		1.0			
177	19b549d866da489f1e59fb1929d9e2e8689aa43712ba9049535d9706289b7885	yes	Geo/ecological	No information (implicit)	HA for training data	Only external	External human-labeled data	N/A	N/A	N/A	N/A	N/A	N/A	N/A	N/A	N/A	N/A	N/A	Physical & Enviro Sci	2017	Article	0		0.0			
178	94401c1491211ec4fac0f4deb17b6d7dc8bc15162b39b5d041d36dd6cc69077a	yes	Physical	No / machine-labeled	N/A	N/A	Machine-labeled data	N/A	N/A	N/A	N/A	N/A	N/A	N/A	N/A	N/A	N/A	N/A	Physical & Enviro Sci	2015	Article	56	Open Access	1.0			
179	06ed1558d49eb075e5a55e18a3ee2a94643ff4911a554e77e28349608f54f30d	yes	Physical	No / machine-labeled	N/A	N/A	Machine-labeled data	N/A	N/A	N/A	N/A	N/A	N/A	N/A	N/A	N/A	N/A	N/A	Physical & Enviro Sci	2018	Conference Paper	0		1.0			
180	a48d2e04cbfe15e9f7b6f3dfbe859f3ba5b37c93f644cb03cb13e773ef1dbb3f	yes	Demographic	Yes for all items	HA for training data	Only original	Original human-labeled dataset	Survey/self-reported	N/A	No information	No information	no Instructions beyond question text	No	N/A	N/A	659	1	yes	Physical & Enviro Sci	2017	Article	4	Open Access	1.0	9.0	11.0	0.8181818181818182
181	e870e12d6237ea935a3b0d742192b00d27784f0ddb43469afddf0e63790f398e	yes	Other	No information (implicit)	HA for training data	Only external	External human-labeled data	N/A	N/A	N/A	N/A	N/A	N/A	N/A	N/A	N/A	N/A	N/A	Physical & Enviro Sci	2016	Article	1	Open Access	0.0			
182	aa4537b121a62e679ebd2693a203b839cf1c7c6bf2b4f4a13efb18a967606643	yes	Soft/hardware	No / machine-labeled	N/A	N/A	Machine-labeled data	N/A	N/A	N/A	N/A	N/A	N/A	N/A	N/A	N/A	N/A	N/A	Physical & Enviro Sci	2015	Article	47		1.0			
183	ecc5e008c64e9a3b2d83cab7a381146d699e24ef21e0e9d6544303f3c82ad2c9	yes	Other	Yes for all items	HA for training data	Only external	External human-labeled data	N/A	N/A	N/A	N/A	N/A	N/A	N/A	N/A	N/A	N/A	N/A	Physical & Enviro Sci	2018	Article	7	Open Access	1.0			
184	c99b060fef6a74a679a6af03eaf13561847f167a6c870de87418e92fd9960b1c	yes	Medical	No information (implicit)	HA for training data	Only external	External human-labeled data	N/A	N/A	N/A	N/A	N/A	N/A	N/A	N/A	N/A	N/A	N/A	Physical & Enviro Sci	2016	Conference Paper	3		0.0			
185	69ba2654fb93fecd27d9586cee01218a65b392542d100b900f7547ad34fd62f2	no	N/A	N/A	N/A	N/A	No ML classifier / N/A	N/A	N/A	N/A	N/A	N/A	N/A	N/A	N/A	N/A	N/A	N/A	Physical & Enviro Sci	2015	Article	3					
186	d3354b8395de2bf951c3fb9ff0377752fb5469b291296e0324d852925ee64211	yes	Demographic	No information (implicit)	HA for training data	Only original	Original human-labeled dataset	Survey/self-reported	N/A	No information	No information	No information	No information	N/A	N/A	-	-	no	Physical & Enviro Sci	2016	Conference Paper	1		0.0	3.0	11.0	0.2727272727272727
187	faffe044e3e504c2536ec4c21e9c4b074f8d881bc844b03e1e66998aa5f6e2a0	no	N/A	N/A	N/A	N/A	No ML classifier / N/A	N/A	N/A	N/A	N/A	N/A	N/A	N/A	N/A	N/A	N/A	N/A	Physical & Enviro Sci	2018	Article	2	Open Access				
188	3f162bf57348c1d2ec22f99e48ddbc8c5d9ec3560f5ce2ecefef9a812407f6cf	yes	Physical	No / machine-labeled	N/A	N/A	Machine-labeled data	N/A	N/A	N/A	N/A	N/A	N/A	N/A	N/A	N/A	N/A	N/A	Physical & Enviro Sci	2017	Article	8		1.0			
189	4a8ff714345f2f3f27d6550ba9ffaf2b812e41737bfea8124d291a1665d902e8	no	N/A	N/A	N/A	N/A	No ML classifier / N/A	N/A	N/A	N/A	N/A	N/A	N/A	N/A	N/A	N/A	N/A	N/A	Physical & Enviro Sci	2017	Conference Paper	0					
190	201851dc9d0bd3fd5060f0cb497aa78c3624ee1ab0e164a7a4d070fe1cfea737	no	N/A	N/A	N/A	N/A	No ML classifier / N/A	N/A	N/A	N/A	N/A	N/A	N/A	N/A	N/A	N/A	N/A	N/A	Physical & Enviro Sci	2018	Conference Paper	0	Open Access				
191	99c322f4045f7ce68bc5fb01ec9ccac35efe4afe0b9250e2657365cdcc0709ed	yes	Linguistic	No / machine-labeled	N/A	N/A	Machine-labeled data	N/A	N/A	N/A	N/A	N/A	N/A	N/A	N/A	N/A	N/A	N/A	Physical & Enviro Sci	2018	Article	1		1.0			
192	72cbd07b094adb933e21c9fcef8614fe4d9ac1edfe595d92d5c3676ce781d95d	yes	Medical	No / machine-labeled	N/A	N/A	Machine-labeled data	N/A	N/A	N/A	N/A	N/A	N/A	N/A	N/A	N/A	N/A	N/A	Life Sci & Biomedical	2017	Conference Paper	2		1.0			
193	a681e9a2c36384dead88c61977bdb1f660f21ea58bf2944d06c18f0bf7b27c1d	yes	Medical	Yes for all items	HA for training data	Only external	External human-labeled data	N/A	N/A	N/A	N/A	N/A	N/A	N/A	N/A	N/A	N/A	N/A	Life Sci & Biomedical	2018	Article	1	Open Access	1.0			
194	3ef4e7e71bb2038eac65ec360c8d73922b1ee23be5436c460e23b7dc2a9069fc	yes	Medical	No / machine-labeled	N/A	N/A	Machine-labeled data	N/A	N/A	N/A	N/A	N/A	N/A	N/A	N/A	N/A	N/A	N/A	Life Sci & Biomedical	2017	Article	4		1.0			
195	8d03237138a16c0a2a689d66ea13c250d4aabd499563f94f7725d890fa7b730b	yes	Linguistic	Yes for all items	HA for training data	Only original	Original human-labeled dataset	Paper's authors	N/A	Paper authorship	No information	Instructions w/ formal definition or examples	Yes for all items	No information	yes	2	2	no	Life Sci & Biomedical	2016	Article	11	Open Access	1.0	10.0	13.0	0.7692307692307693
196	4f3d33128aaf8d4c5b134de31cd4d313cba6fb1c3073ee4c48216d1519694588	yes	Biological	No information (implicit)	HA for training data	Only external	External human-labeled data	N/A	N/A	N/A	N/A	N/A	N/A	N/A	N/A	N/A	N/A	N/A	Life Sci & Biomedical	2017	Article	3	Open Access	0.0			
197	929a8c77b1e75c26130344dca269759b44ed01ed53eba77f337ef5106be8141c	yes	Medical	No / machine-labeled	N/A	N/A	Machine-labeled data	N/A	N/A	N/A	N/A	N/A	N/A	N/A	N/A	N/A	N/A	N/A	Life Sci & Biomedical	2018	Article	2		1.0			
198	e6da1957824240f2b7de01f1d7b54def296924d357ff952787ed3182fc801e81	yes	Medical	Yes for all items	HA for training data	Only original	Original human-labeled dataset	Other w/ claim of expertise	N/A	No information	No information	Instructions w/ formal definition or examples	Yes for all items	Quantitative / no discussion	yes	2	2	no	Life Sci & Biomedical	2016	Article	2	Open Access	1.0	10.0	13.0	0.7692307692307693
199	a747196b27097e349348547272305007a128b49a159449b651a16aa1536508c9	yes	Medical	No information (implicit)	HA for evaluation only	Only external	External human-labeled data	N/A	N/A	N/A	N/A	N/A	N/A	N/A	N/A	N/A	N/A	N/A	Life Sci & Biomedical	2016	Conference Paper	0		0.0			
200	d29948f93b01194845e2ebc5c5899c38e73cd3d5d2d8439059a72dc12f3abf02	yes	Medical	No information (implicit)	HA for training data	Only original	Original human-labeled dataset	No information	N/A	No information	No information	Instructions w/ formal definition or examples	No information	N/A	N/A	-	-	no	Life Sci & Biomedical	2016	Article	4		0.0	3.0	11.0	0.2727272727272727
201	867ed66f03805e58062d40b2f3b9d333fc81962ef3681e22853753c651f6b639	yes	Physical	No information (implicit)	HA for training data	Only external	External human-labeled data	N/A	N/A	N/A	N/A	N/A	N/A	N/A	N/A	N/A	N/A	N/A	Life Sci & Biomedical	2018	Article	1		0.0			
